date_choc,choc_year,choc_month,choc_day,incident,alerte_id,localisation_du_premier_d_placement,zone_d_origine,besoins_prioritaires,s_v_rit,type_de_choc,d_placement,date_d_arriv_e,r_gion_d_accueil,commune_d_accueil,villages_d_accueil,pdi_m_nage,pdi_personne,hommes,femmes,gar_ons,filles,source_onglet,source_fichier,domaine,annee
2025-04-25,2025,4,25,I-59750,667_250425_KOSNOU_1,Boucle du Mouhoun_Kossi_Nouna,Boucle du Mouhoun_Kossi_Barani,"Vivres, Abris, NFI",Medium,Security Incident,D-2827,2025-05-04,Boucle du Mouhoun,Nouna,Nouna,100,1700,299.0,406.0,398.0,597.0,Incident Data,pdi-gcorr-burkinafaso-may2025.xlsx,pdi,2025
2025-04-30,2025,4,30,I-57106,666_250430_GOUDIA,Est_Gourma_Diabo,Est_Gourma_Diabo,"Selon les informations émanant de l'action sociale, les besoins immédiats exprimés par les ménages nouvellement déplacés sont les vivres, la protection des enfants et leurs éducations, les kits NFI (AME/hygiène/abris), ainsi que les soins de santé._x000D_ Une rencontre d'urgence avec les services techniques déconcentrés de l'Etat a été initiée par Monsieur le Président du CODESUR, afin d'échanger sur la situation humanitaire de la localité et de mieux coordonner les eventuelles interventions de acteurs humanitaires présents dans la zone.",Medium,Security Incident,D-2826,2025-05-01,Est,Diabo,Diabo,728,5100,1100.0,1200.0,1352.0,1448.0,Incident Data,pdi-gcorr-burkinafaso-may2025.xlsx,pdi,2025
2025-04-12,2025,4,12,I-35880,665_250412_YATTAN,Nord_Yatenga_Tangaye,Nord_Yatenga_Tangaye,"Relogement de certaines personnes déplacées dans les salles de classes du C.E.G de Namsiguia (fermé) et des familles hôtes. Mais compte tenu de la difficile cohabitation au sein du C.E.G avec les FDS, il serait judicieux que les populations civiles soient relogées sur un autre site. A la date du 25 avril 2025, aucune assistance n'a été apportée aux ménages déplacés. _x000D_ Les besoins prioritaires exprimés par les populations affectées sont entre autres: des vivres, des abris, kits AME et d'hygiène.",Medium,Security Incident,D-2821,2025-04-26,Nord,Tangaye,Namsiguia,466,3262,600.0,705.0,971.0,986.0,Incident Data,pdi-gcorr-burkinafaso-may2025.xlsx,pdi,2025
2025-04-14,2025,4,14,I-22639,664_250414_KOSSÔN,Boucle du Mouhoun_Kossi_Sônô,Boucle du Mouhoun_Kossi_Sônô,"Alimentaire, Abris, NFI",Medium,Security Incident,D-2814,2025-04-18,Boucle du Mouhoun,Sônô,Sônô,428,3000,576.0,624.0,936.0,864.0,Incident Data,pdi-gcorr-burkinafaso-may2025.xlsx,pdi,2025
2025-04-03,2025,4,3,I-22626,663_250403_YATOUA-1,Nord_Yatenga_Ouahigouya,Nord_Loroum_Bahn,"A la date du 05 mai 2025, les besoins primaires identifiés sont essentiellement les vivres, les abris , les kits AME, les kits d'hygiène, l'appui psychosocial et la santé.",Low,Security Incident,D-2813,2025-04-21,Nord,Ouahigouya,"Ouahigouya Secteur 6,8,9,10,11,12",497,3400,618.0,739.0,1010.0,1033.0,Incident Data,pdi-gcorr-burkinafaso-may2025.xlsx,pdi,2025
2025-04-13,2025,4,13,I-14741,662_250413_OUDGOR_1,Sahel_Oudalan_Gorom-Gorom,Sahel_Oudalan_Gorom-Gorom,"Les besoins immédiats exprimés par les ménages sont: Protection, Abris/AME, Assistance alimentaire, soins de santé, kits de dignité et kits d'hygiène, vêtements et appui psychosocial.",Medium,Security Incident,D-2812,2025-04-18,Sahel,Gorom-Gorom,"Allialkoum, Deibere, Touro",776,5012,958.0,1046.0,1440.0,1568.0,Incident Data,pdi-gcorr-burkinafaso-may2025.xlsx,pdi,2025
2025-04-02,2025,4,2,I-8083,661_250402_SOUDI-1,Boucle du Mouhoun_Sourou_Di,Boucle du Mouhoun_Sourou_Lanfièra,"Alimentaire, Abris, Soins de santé",High,Security Incident,D-1496,2025-04-09,Boucle du Mouhoun,Di,Di,1128,8854,1505.0,2037.0,2762.0,2550.0,Incident Data,pdi-gcorr-burkinafaso-may2025.xlsx,pdi,2025
2025-03-18,2025,3,18,I-8029,660_250318_YATOUA-1,Nord_Yatenga_Ouahigouya,Nord_Yatenga_Thiou,"A la date du 8 avril 2025, aucune assistance n'aurait été apportée aux ménages déplacés. Les besoins immédiats exprimés sont les vivres, Abris/AME, Santé, PSS",Low,Security Incident,D-1494,2025-04-09,Nord,Ouahigouya,Ouahigouya Secteur-1,144,912,115.0,195.0,291.0,311.0,Incident Data,pdi-gcorr-burkinafaso-may2025.xlsx,pdi,2025
2025-04-06,2025,4,6,I-7979,659_250406_SOUTOU-2,Boucle du Mouhoun_Sourou_Tougan,Boucle du Mouhoun_Sourou_Kassoum,"Alimentaire, abris, Soins de santé",Medium,Security Incident,D-1493,2025-04-08,Boucle du Mouhoun,Tougan,Tougan,1597,10290,1657.0,2322.0,3282.0,3029.0,Incident Data,pdi-gcorr-burkinafaso-may2025.xlsx,pdi,2025
2025-03-19,2025,3,19,I-6990,658_250319_BANTAN,Boucle du Mouhoun_Banwa_Tansila,Boucle du Mouhoun_Banwa_Tansila,"Alimentaires, Abris, NFI",Medium,Security Incident,D-1488,2025-04-03,Boucle du Mouhoun,Tansila,Tansila,250,1600,240.0,293.0,555.0,512.0,Incident Data,pdi-gcorr-burkinafaso-may2025.xlsx,pdi,2025
2025-04-02,2025,4,2,I-6989,657_250402_MOUDÉD_8,Boucle du Mouhoun_Mouhoun_Dédougou,Boucle du Mouhoun_Sourou_Tougan,"Alimentaire, Abris, Wash, santé, nutrition, AME, Protection et Education",High,Security Incident,D-1487,2025-04-03,Boucle du Mouhoun,Dédougou,Dédougou,3226,20723,3179.0,4675.0,6713.0,6197.0,Incident Data,pdi-gcorr-burkinafaso-may2025.xlsx,pdi,2025
2025-03-19,2025,3,19,I-6983,656_250319_SANKAY,Centre-Nord_Sanmatenga_Kaya,Centre-Nord_Sanmatenga_Kaya,"Les besoins immédiats exprimés par les ménages déplacés à Pissila et à Kaya sont essentiellement les vivres, les abris, les kits AME, les kits d'hygiène, l'appui psychosocial, la prise en charge des enfants et la santé. Ces populations sont accueillies au sein de ménages hôtes ou dans des maisons d'emprunt pour la plupart",Medium,Security Incident,D-1479,2025-03-24,Centre-Nord,Kaya,Dahisma centre,636,4238,,,,,Incident Data,pdi-gcorr-burkinafaso-may2025.xlsx,pdi,2025
2025-03-19,2025,3,19,I-6983,656_250319_SANKAY,Centre-Nord_Sanmatenga_Kaya,Centre-Nord_Sanmatenga_Kaya,"Les besoins immédiats exprimés par les ménages déplacés à Pissila et à Kaya sont essentiellement les vivres, les abris, les kits AME, les kits d'hygiène, l'appui psychosocial, la prise en charge des enfants et la santé. Ces populations sont accueillies au sein de ménages hôtes ou dans des maisons d'emprunt pour la plupart",Medium,Security Incident,D-1480,2025-03-20,Centre-Nord,Kaya,Dahisma campement de chasse,914,5080,813.0,1168.0,1575.0,1524.0,Incident Data,pdi-gcorr-burkinafaso-may2025.xlsx,pdi,2025
2025-03-19,2025,3,19,I-6983,656_250319_SANKAY,Centre-Nord_Sanmatenga_Kaya,Centre-Nord_Sanmatenga_Kaya,"Les besoins immédiats exprimés par les ménages déplacés à Pissila et à Kaya sont essentiellement les vivres, les abris, les kits AME, les kits d'hygiène, l'appui psychosocial, la prise en charge des enfants et la santé. Ces populations sont accueillies au sein de ménages hôtes ou dans des maisons d'emprunt pour la plupart",Medium,Security Incident,D-1481,2025-03-20,Centre-Nord,Kaya,Koulogo,25,183,29.0,42.0,55.0,57.0,Incident Data,pdi-gcorr-burkinafaso-may2025.xlsx,pdi,2025
2025-03-19,2025,3,19,I-6983,656_250319_SANKAY,Centre-Nord_Sanmatenga_Kaya,Centre-Nord_Sanmatenga_Kaya,"Les besoins immédiats exprimés par les ménages déplacés à Pissila et à Kaya sont essentiellement les vivres, les abris, les kits AME, les kits d'hygiène, l'appui psychosocial, la prise en charge des enfants et la santé. Ces populations sont accueillies au sein de ménages hôtes ou dans des maisons d'emprunt pour la plupart",Medium,Security Incident,D-1482,2025-03-20,Centre-Nord,Kaya,Konean,12,92,15.0,21.0,29.0,28.0,Incident Data,pdi-gcorr-burkinafaso-may2025.xlsx,pdi,2025
2025-02-20,2025,2,20,I-6963,655_250220_OUDGOR,Sahel_Oudalan_Gorom-Gorom,Sahel_Oudalan_Gorom-Gorom,"A la date du 25 février 2025, l’évaluation faite les services de l’action humanitaire font ressortir les besoins essentiels suivants : Abris/AME, Wash, Assistance alimentaire, soins de santé, kits de dignité et kits d'hygiène, vêtements, appui psychosocial, etc.",Medium,Security Incident,D-1460,2025-03-07,Sahel,Gorom-Gorom,"Touro, Keldjeff, Alliakoum",405,2835,537.0,597.0,791.0,910.0,Incident Data,pdi-gcorr-burkinafaso-may2025.xlsx,pdi,2025
2025-02-18,2025,2,18,I-6960,654_250218_OUDGOR,Sahel_Oudalan_Gorom-Gorom,Sahel_Oudalan_Déou,"A la date du 28 février 2025, aucune assistance n'a été apportée aux ménages déplacés. Les besoins prioritaires exprimés par les populations affectées sont entre autres: Abris/AME, Assistance alimentaire, soins de santé, kits de dignité et kits d'hygiène, vêtements, appui psychosocial, wash, etc. Les sites d’accueil des PDI sont dotés de points de distribution d’eau potable. L'arrivée des ménages suite à ce choc sécuritaire risque d'exercer une forte pression sur ces points d'eau.",Medium,Security Incident,D-1459,2025-03-04,Sahel,Gorom-Gorom,Gorom-Gorom,411,2877,545.0,605.0,822.0,905.0,Incident Data,pdi-gcorr-burkinafaso-may2025.xlsx,pdi,2025
2025-02-14,2025,2,14,I-6948,652_250214_KOSDJI-1,Boucle du Mouhoun_Kossi_Djibasso,Boucle du Mouhoun_Kossi_Djibasso,"Assistance alimentaire, Abris, AME",Medium,Security Incident,D-1444,2025-02-18,Boucle du Mouhoun,Djibasso,Djibasso,283,1905,253.0,625.0,534.0,493.0,Incident Data,pdi-gcorr-burkinafaso-may2025.xlsx,pdi,2025
2025-02-15,2025,2,15,I-6947,651_250215_TAPKAN,Est_Tapoa_Kantchari,Est_Tapoa_Botou,"Les besoins prioritaires identifiés par le service de l'action humanitaire sont les vivres, les abris, les_x000D_ articles ménagers essentiels, la santé, la WaSH et le Soutien Psychosociale. Pour l'instant les ménages ont reçu des soins de santé de la part des équipes MSF qui sont dans la zone.",High,Security Incident,D-1442,2025-02-17,Est,Kantchari,Kantari,750,5235,628.0,1873.0,1180.0,1554.0,Incident Data,pdi-gcorr-burkinafaso-may2025.xlsx,pdi,2025
2025-02-09,2025,2,9,I-6946,650_250209_OUDGOR,Sahel_Oudalan_Gorom-Gorom,Sahel_Oudalan_Tin-Akoff,"De l’évaluation des services en charge de l’action humanitaire, les besoins prioritaires exprimés par les ménages affectés sont : Abris/AME, assistance alimentaire, soins de santé, kits de dignité et kits d'hygiène, vêtements, appui psychosocial, etc.",Medium,Security Incident,D-1441,2025-02-17,Sahel,Gorom-Gorom,"Gorom-Gorom, Alliakoum, Touro, Kel_Eguief",777,5376,1016.0,1135.0,1508.0,1717.0,Incident Data,pdi-gcorr-burkinafaso-may2025.xlsx,pdi,2025
2025-02-14,2025,2,14,I-6945,649_250214_BANSAN,Boucle du Mouhoun_Banwa_Sanaba,Boucle du Mouhoun_Banwa_Sanaba,"Les besoins prioritaires identifiés sont des besoins en abris, alimentaires, AME, kits d’urgence et sanitaire.",Medium,Security Incident,D-1443,2025-02-17,Boucle du Mouhoun,Sanaba,Koba,110,640,92.0,128.0,201.0,219.0,Incident Data,pdi-gcorr-burkinafaso-may2025.xlsx,pdi,2025
2025-02-06,2025,2,6,I-6944,648_250206_GOUTIB,Est_Gourma_Tibga,Est_Gourma_Tibga,"Selon le service en charge de l'action humanitaire, les besoins prioritaires exprimés par les ménages touchés sont les vivres, les AME, les abris pour certains, la santé et la WaSH.",Low,Security Incident,D-1440,2025-02-14,Est,Tibga,Tibga centre,293,1760,242.0,369.0,555.0,594.0,Incident Data,pdi-gcorr-burkinafaso-may2025.xlsx,pdi,2025
2025-02-09,2025,2,9,I-6943,647_250209_GOUDIA,Est_Gourma_Diapangou,Est_Gourma_Diapangou,"Selon la direction régionale de l'action humanitaire, les besoins prioritaires exprimés par les ménages touchés sont les vivres, les AME, les abris pour certains, la santé et la WaSH.",Low,Security Incident,D-1439,2025-02-09,Est,Diapangou,Diapangou et Tilonti,693,4500,754.0,1072.0,1292.0,1382.0,Incident Data,pdi-gcorr-burkinafaso-may2025.xlsx,pdi,2025
2025-02-04,2025,2,4,I-6942,646_250204_NAYTOM-1,Boucle du Mouhoun_Nayala_Toma,Boucle du Mouhoun_Nayala_Toma,"Assistance alimentaire, Abris, AME",Medium,Security Incident,D-1438,2025-02-12,Boucle du Mouhoun,Toma,Toma,926,5187,880.0,1142.0,1646.0,1519.0,Incident Data,pdi-gcorr-burkinafaso-may2025.xlsx,pdi,2025
2025-02-04,2025,2,4,I-6942,646_250204_NAYTOM-1,Boucle du Mouhoun_Nayala_Toma,Boucle du Mouhoun_Nayala_Toma,"Assistance alimentaire, Abris, AME",Medium,Security Incident,D-1446,2025-02-18,Boucle du Mouhoun,Yaba,Yaba,360,2027,348.0,446.0,641.0,592.0,Incident Data,pdi-gcorr-burkinafaso-may2025.xlsx,pdi,2025
2024-12-11,2024,12,11,I-6940,645_241211_YATOUA-1,Nord_Yatenga_Ouahigouya,Nord_Yatenga_Barga,"A la date du 6 février 2025, aucune assistance n'aurait été apportée aux ménages déplacés. Les besoins immédiats exprimés sont les vivres, Abris/AME, Santé, Protection,",Low,Security Incident,D-1436,2024-12-11,Nord,Ouahigouya,"Ouahigouya Secteur-1, Secteur-10, Secteur-11, Secteur-12, Secteur-13",378,2152,138.0,468.0,746.0,803.0,Incident Data,pdi-gcorr-burkinafaso-may2025.xlsx,pdi,2024
2025-02-01,2025,2,1,I-6939,644_250201_BANTAN,Boucle du Mouhoun_Banwa_Tansila,Boucle du Mouhoun_Banwa_Tansila,"Le dénombrement des ménages affectés par les services de l’action sociale fait ressortir les besoins essentiels qui sont : Assistance alimentaire, Abris/AME, soins de santé.",Medium,Security Incident,D-1435,2025-02-01,Boucle du Mouhoun,Tansila,Tansila,315,1874,281.0,343.0,646.0,604.0,Incident Data,pdi-gcorr-burkinafaso-may2025.xlsx,pdi,2025
2025-01-01,2025,1,1,I-6938,643_250101_SOUTOU-2,Boucle du Mouhoun_Sourou_Tougan,Boucle du Mouhoun_Sourou_Tougan,"Vivres, Abris, AME",Medium,Security Incident,D-1434,2025-01-01,Boucle du Mouhoun,Tougan,Tougan,333,1634,253.0,457.0,487.0,450.0,Incident Data,pdi-gcorr-burkinafaso-may2025.xlsx,pdi,2025
2025-01-25,2025,1,25,I-6541,642_250125_BANTAN,Boucle du Mouhoun_Banwa_Tansila,Boucle du Mouhoun_Banwa_Tansila,"Vivres, Abris, AME, Wash",Medium,Security Incident,D-1432,2025-01-30,Boucle du Mouhoun,Tansila,Tansila,1100,3600,540.0,660.0,1224.0,1176.0,Incident Data,pdi-gcorr-burkinafaso-may2025.xlsx,pdi,2025
2025-01-05,2025,1,5,I-6497,641_250105_OUDGOR - ANNULEE,Sahel_Oudalan_Gorom-Gorom,Sahel_Oudalan_Oursi,"Le dénombrement des ménages affectés par les services de l’action sociale fait ressortir les besoins essentiels qui sont : Abris/AME, Assistance alimentaire, soins de santé, kits de dignité et kits d'hygiène, vêtements, appui psychosocial, etc._x000D_ Le CONASUR apporte déjà un appui psychosocial",High,Security Incident,D-1388,2025-01-27,Sahel,Gorom-Gorom,"Gorom- Gorom, Alliakoum, Touro",0,0,0.0,0.0,0.0,0.0,Incident Data,pdi-gcorr-burkinafaso-may2025.xlsx,pdi,2025
2025-01-09,2025,1,9,I-6496,640_250109_KOUDOU,Centre-Est_Koulpélogo_Dourtenga,Centre-Est_Koulpélogo_Dourtenga,"Les évaluations faites par les services de l’action humanitaire de la province du Koulpélogo font ressortir les besoins urgents suivants : Abris/AME, Assistance alimentaire, soins de santé, kits de dignité et kits d'hygiène, vêtements, protection, appui psychosocial, etc.",Medium,Security Incident,D-1386,2025-01-22,Centre-Est,Dourtenga,Dourtenga centre,187,1830,542.0,622.0,334.0,332.0,Incident Data,pdi-gcorr-burkinafaso-may2025.xlsx,pdi,2025
2025-01-09,2025,1,9,I-6496,640_250109_KOUDOU,Centre-Est_Koulpélogo_Dourtenga,Centre-Est_Koulpélogo_Dourtenga,"Les évaluations faites par les services de l’action humanitaire de la province du Koulpélogo font ressortir les besoins urgents suivants : Abris/AME, Assistance alimentaire, soins de santé, kits de dignité et kits d'hygiène, vêtements, protection, appui psychosocial, etc.",Medium,Security Incident,D-1387,2025-01-22,Centre-Est,Ouargaye,Ouargaye centre,145,1069,162.0,248.0,330.0,329.0,Incident Data,pdi-gcorr-burkinafaso-may2025.xlsx,pdi,2025
2025-01-04,2025,1,4,I-6495,639_250104_SANPIB,Centre-Nord_Sanmatenga_Pibaoré,Centre-Nord_Sanmatenga_Pibaoré,"A l’issue du dénombrement, il ressort que les besoins urgents sont: vivres, abris, AME, protection, PEC psychosociale, santé, prise en charge des enfants. Les déplacés n'ont pas encore bénéficié d'assistance.",Medium,Security Incident,D-1385,2025-01-20,Centre-Nord,Pibaoré,Pibaoré centre,226,2046,619.0,703.0,342.0,382.0,Incident Data,pdi-gcorr-burkinafaso-may2025.xlsx,pdi,2025
2025-01-05,2025,1,5,I-6493,638_250105_OUDGOR -1,Sahel_Oudalan_Gorom-Gorom,Sahel_Oudalan_Oursi,"Les évaluations faites par les services de l’action humanitaire de l’Oudalan font ressortir les besoins urgents suivants: Abris/AME, Assistance alimentaire, soins de santé, kits de dignité et kits d'hygiène, vêtements, appui psychosocial, etc.",Medium,Security Incident,D-1384,2025-01-17,Sahel,Gorom-Gorom,"Gorom-Gorom, Allialkoum",1312,9184,1751.0,1934.0,2493.0,3006.0,Incident Data,pdi-gcorr-burkinafaso-may2025.xlsx,pdi,2025
2025-01-10,2025,1,10,I-6492,637_250110_BANSOL-1,Boucle du Mouhoun_Banwa_Solenzo,Boucle du Mouhoun_Banwa_Solenzo,"ABRIS, ALIMENTAIRE,AME",Medium,Security Incident,D-1383,2025-01-15,Boucle du Mouhoun,Solenzo,Kiè,230,1645,247.0,301.0,527.0,570.0,Incident Data,pdi-gcorr-burkinafaso-may2025.xlsx,pdi,2025
2024-11-23,2024,11,23,I-6491,636_241123_SANKAY-1,Centre-Nord_Sanmatenga_Kaya,Centre-Est_Boulgou_Boussouma,"A l’issue du dénombrement, il ressort que les besoins urgents sont: vivres, abris, AME, protection, PEC psychosociale, santé, prise en charge des enfants. Les déplacés n'ont pas encore bénéficié d'assistance.",Medium,Security Incident,D-1380,2025-01-14,Centre-Nord,Kaya,Dahisma,686,4322,973.0,1119.0,1114.0,1116.0,Incident Data,pdi-gcorr-burkinafaso-may2025.xlsx,pdi,2024
2024-11-23,2024,11,23,I-6491,636_241123_SANKAY-1,Centre-Nord_Sanmatenga_Kaya,Centre-Est_Boulgou_Boussouma,"A l’issue du dénombrement, il ressort que les besoins urgents sont: vivres, abris, AME, protection, PEC psychosociale, santé, prise en charge des enfants. Les déplacés n'ont pas encore bénéficié d'assistance.",Medium,Security Incident,D-1381,2025-01-14,Centre-Nord,Kaya,Koulogo,26,319,72.0,83.0,82.0,82.0,Incident Data,pdi-gcorr-burkinafaso-may2025.xlsx,pdi,2024
2024-11-23,2024,11,23,I-6491,636_241123_SANKAY-1,Centre-Nord_Sanmatenga_Kaya,Centre-Est_Boulgou_Boussouma,"A l’issue du dénombrement, il ressort que les besoins urgents sont: vivres, abris, AME, protection, PEC psychosociale, santé, prise en charge des enfants. Les déplacés n'ont pas encore bénéficié d'assistance.",Medium,Security Incident,D-1382,2025-01-14,Centre-Nord,Kaya,Kaya - Secteurs 1 et 6,160,938,211.0,243.0,242.0,242.0,Incident Data,pdi-gcorr-burkinafaso-may2025.xlsx,pdi,2024
2025-01-07,2025,1,7,I-6490,635_250107_BOUBIS,Centre-Est_Boulgou_Bissiga,Centre-Est_Boulgou_Bissiga,"Les besoins prioritaires sont entre autres l'assistance alimentaire aux populations dans un délai raisonnable, la dotation en abris d’urgence, en couvertures et vêtements de froid, en kits AME et le suivi sanitaire des blessés.",Low,Security Incident,D-1379,2025-01-12,Centre-Est,Bissiga,Bissiga,216,1300,234.0,494.0,276.0,296.0,Incident Data,pdi-gcorr-burkinafaso-may2025.xlsx,pdi,2025
2024-12-02,2024,12,2,I-6489,634_241202_NAMDAR,Centre-Nord_Namentenga_Dargo,Est_Gnagna_Piéla,"A l’issue du dénombrement, il ressort de l’évaluation que les besoins urgents sont : 90 tonnes de vivres, 500 Abris, 500 AME, 300 kits de dignité et kits d'hygiène, des vêtements, du soutien psychologique, une prise en charge sanitaire, etc.",Medium,Security Incident,D-1378,2025-01-12,Centre-Nord,Dargo,Dargo,273,2556,357.0,828.0,686.0,685.0,Incident Data,pdi-gcorr-burkinafaso-may2025.xlsx,pdi,2024
2024-12-21,2024,12,21,I-1386,633_241221_SÉNDOR-1,Sahel_Séno_Dori,Sahel_Yagha_Titabè,"Les services de l'Action Humanitaire ont procédé à l’évaluation des besoins et les plus essentiels sont : Abris/AME, Assistance alimentaire, soins de santé, kits de dignité et kits d'hygiène, vêtements, appui psychosocial, etc.",Medium,Security Incident,D-1377,2025-01-01,Sahel,Dori,Dori,616,4409,730.0,1015.0,1337.0,1327.0,Incident Data,pdi-gcorr-burkinafaso-may2025.xlsx,pdi,2024
2024-12-25,2024,12,25,I-1385,632_241225_KOUSOU,Centre-Est_Koulpélogo_Soudougui,Centre-Est_Koulpélogo_Soudougui,"Les action à entreprendre sont la poursuite de l’évaluation, l'appui en vivres et non vivres pour la prise en charge d’urgence, ainsi que l'appui pour la prise en charge psychologique et sanitaire.",High,Security Incident,D-1375,2024-12-31,Centre-Est,Soudougui,Diembendé,153,478,20.0,135.0,167.0,156.0,Incident Data,pdi-gcorr-burkinafaso-may2025.xlsx,pdi,2024
2024-12-28,2024,12,28,I-1384,631_241228_KÉNMOR,Hauts-Bassins_Kénédougou_Morlaba,Hauts-Bassins_Kénédougou_Morlaba,"vivres, l’appuis en éducation, la santé, les abris, couchettes, couvertures, points d'eau potable, lampes d’éclairage et des consommables hygiéniques.",High,Security Incident,D-1374,2024-12-31,Hauts-Bassins,Morlaba,Morolaba Centre,791,6098,2149.0,2258.0,682.0,1008.0,Incident Data,pdi-gcorr-burkinafaso-may2025.xlsx,pdi,2024
2024-12-06,2024,12,6,I-1382,629_241206_OUDGOR-1,Sahel_Oudalan_Gorom-Gorom,Sahel_Soum_Arbinda,"Abris/AME, alimentaire, kits de dignité et kits d'hygiène, vêtements, soutien psychologique, etc",Medium,Security Incident,D-1373,2024-12-19,Sahel,Gorom-Gorom,Gorom-Gorom,417,2919,566.0,602.0,849.0,902.0,Incident Data,pdi-gcorr-burkinafaso-may2025.xlsx,pdi,2024
2024-12-06,2024,12,6,I-1382,629_241206_OUDGOR-1,Sahel_Oudalan_Gorom-Gorom,Sahel_Soum_Arbinda,"Abris/AME, alimentaire, kits de dignité et kits d'hygiène, vêtements, soutien psychologique, etc",Medium,Security Incident,D-1376,2025-01-02,Sahel,Dori,Dori,560,4067,930.0,1264.0,936.0,937.0,Incident Data,pdi-gcorr-burkinafaso-may2025.xlsx,pdi,2024
2024-12-01,2024,12,1,I-1381,628_241201_BOUBAN,Centre-Est_Boulgou_Bané,Centre-Est_Boulgou_Bané,"Selon le Service Social Communal de Bané, les actions déjà entrepises sont le dénombrement des populations déplacées, le soutien psychosocial, et l’identification de la zone d’accueil. Les besoin urgents identifiés sont les abris/AME, éducation et les vi",Low,Security Incident,D-1372,2024-12-18,Centre-Est,Bané,Ouada,216,1539,94.0,297.0,554.0,594.0,Incident Data,pdi-gcorr-burkinafaso-may2025.xlsx,pdi,2024
2024-11-29,2024,11,29,I-1379,627_241129_KOUKOM,Centre-Est_Koulpélogo_Komin-Yanga,Centre-Est_Koulpélogo_Komin-Yanga,Les besoins prioritaires sont entre autres les vivres et non vivres ainsi que des abris pour les ménages dont les concessions ont été incendiées.,Medium,Security Incident,D-1370,2024-12-09,Centre-Est,Bissiga,Bissiga,0,0,0.0,0.0,0.0,0.0,Incident Data,pdi-gcorr-burkinafaso-may2025.xlsx,pdi,2024
2024-11-29,2024,11,29,I-1379,627_241129_KOUKOM,Centre-Est_Koulpélogo_Komin-Yanga,Centre-Est_Koulpélogo_Komin-Yanga,Les besoins prioritaires sont entre autres les vivres et non vivres ainsi que des abris pour les ménages dont les concessions ont été incendiées.,Medium,Security Incident,D-1369,2024-12-09,Centre-Est,Komin-Yanga,"Comin-Yanga, Kohogo",76,276,73.0,78.0,60.0,65.0,Incident Data,pdi-gcorr-burkinafaso-may2025.xlsx,pdi,2024
2024-11-21,2024,11,21,I-1375,626_241121_SÉNDOR,Sahel_Séno_Dori,Sahel_Séno_Dori,"Les services de l'Action Humanitaire procèdent à l’évaluation des besoins essentiels qui se résument comme suit : Abris/AME, Assistance alimentaire, soins de santé, kits de dignité et kits d'hygiène, vêtements, appui psychosocial.",Medium,Security Incident,D-1368,2024-11-29,Sahel,Dori,Dori,189,1134,328.0,411.0,198.0,197.0,Incident Data,pdi-gcorr-burkinafaso-may2025.xlsx,pdi,2024
2024-11-09,2024,11,9,I-1374,625_241109_GNAPIÉ,Est_Gnagna_Piéla,Est_Gnagna_Piéla,"Pour l'instant les ménages déplacés n'ont pas reçu d'assistance bien que leurs besoins immédiats soient les vivres, les AME, les abris pour certains, la santé et la WaSH.",Medium,Security Incident,D-1367,2024-11-30,Est,Piéla,Piela,885,6335,1038.0,1416.0,1941.0,1940.0,Incident Data,pdi-gcorr-burkinafaso-may2025.xlsx,pdi,2024
2024-11-07,2024,11,7,I-1373,625_241107_OUDGOR-1,Sahel_Oudalan_Gorom-Gorom,Sahel_Oudalan_Gorom-Gorom,"A l’issue du dénombrement, les besoins essentiels sont : Abris/AME, assistance alimentaire, soins de santé, kits de dignité et kits d'hygiène, vêtements, appui psychosocial, etc. L'Action Sociale apporte déjà un appui psychosocial.",Medium,Security Incident,D-1366,2024-11-18,Sahel,Gorom-Gorom,"Gorom-Gorom, Touro",900,5980,1144.0,1249.0,1697.0,1890.0,Incident Data,pdi-gcorr-burkinafaso-may2025.xlsx,pdi,2024
2024-10-30,2024,10,30,I-1371,624_241030_BANSOL,Boucle du Mouhoun_Banwa_Solenzo,Boucle du Mouhoun_Banwa_Solenzo,"Les besoins prioritaires identifiés sont: abris, alimentaires, AME et protection.",Medium,Security Incident,D-1364,2024-10-31,Boucle du Mouhoun,Solenzo,Solenzo,150,750,100.0,150.0,240.0,260.0,Incident Data,pdi-gcorr-burkinafaso-may2025.xlsx,pdi,2024
2024-10-27,2024,10,27,I-1370,623241027_KOSNOU,Boucle du Mouhoun_Kossi_Nouna,Boucle du Mouhoun_Kossi_Nouna,"Les besoins prioritaires identifiés sont des besoins en abris, en AME, alimentaires et en protection (kits d'urgence, soutien psychosocial)",Medium,Security Incident,D-1363,2024-10-28,Boucle du Mouhoun,Nouna,Nouna,50,350,61.0,84.0,98.0,107.0,Incident Data,pdi-gcorr-burkinafaso-may2025.xlsx,pdi,2024
2024-10-21,2024,10,21,I-1369,622241021_OUDGOR-1,Sahel_Oudalan_Gorom-Gorom,Sahel_Oudalan_Oursi,"A l’issue du dénombrement, les services de l’action humanitaire ont procédé à l’évaluation des besoins essentiels qui sont : Abris/AME, Assistance alimentaire, kits de dignité et kits d'hygiène, vêtements, appui psychosocial, etc.",Medium,Security Incident,D-1362,2024-11-01,Sahel,Gorom-Gorom,Gorom-Gorom,479,3235,585.0,636.0,966.0,1048.0,Incident Data,pdi-gcorr-burkinafaso-may2025.xlsx,pdi,2024
2024-07-17,2024,7,17,I-1367,6218240717_NAMYAL -1,Centre-Nord_Namentenga_Yalgo,Sahel_Séno_Bani,"Pour l'instant aucune assistance n'a été apportée aux ménages déplacés depuis mi juillet 2024. Les besoins immédiats exprimés sont les vivres, les abris pour certains, les kits AME, les kits d'hygiène, l'appui psychosocial et la santé.",Medium,Security Incident,D-1360,2024-10-28,Centre-Nord,Yalgo,Yalgo,323,2261,542.0,826.0,366.0,527.0,Incident Data,pdi-gcorr-burkinafaso-may2025.xlsx,pdi,2024
2024-10-07,2024,10,7,I-1365,6208241007_BANSOL,Boucle du Mouhoun_Banwa_Solenzo,Boucle du Mouhoun_Banwa_Sami,"Les besoins prioritaires identifiés sont des besoins en abris, alimentaires, protection et santé.",Low,Security Incident,D-1359,2024-10-09,Boucle du Mouhoun,Solenzo,Mawè,38,260,58.0,76.0,60.0,66.0,Incident Data,pdi-gcorr-burkinafaso-may2025.xlsx,pdi,2024
2024-10-19,2024,10,19,I-1364,6197241019_GNAPIÉ-1,Est_Gnagna_Piéla,Est_Gnagna_Piéla,"Pour l'instant aucune assistance n'a été apportée aux ménages nouvellement déplacés. Les besoins immédiats exprimés sont les vivres, les abris pour certains, les kits AME, les kits d'hygiène, l'appui psychosocial et la santé.",Medium,Security Incident,D-1358,2024-10-25,Est,Piéla,Piéla,1101,6988,1410.0,1747.0,1916.0,1915.0,Incident Data,pdi-gcorr-burkinafaso-may2025.xlsx,pdi,2024
2024-10-19,2024,10,19,I-1363,6176241019_BANKOU,Boucle du Mouhoun_Banwa_Kouka,Boucle du Mouhoun_Banwa_Kouka,"Les besoins prioritaires identifiés sont des besoins en abris, alimentaire, AME, santé et protection.",Low,Security Incident,D-1357,2024-10-20,Boucle du Mouhoun,Kouka,Kouka,143,1000,150.0,183.0,320.0,347.0,Incident Data,pdi-gcorr-burkinafaso-may2025.xlsx,pdi,2024
2024-10-17,2024,10,17,I-1361,6184241017_GNAMAN_1-2,Est_Gnagna_Mani,Est_Gnagna_Mani,"Pour l'instant aucune assistance n'a été apportée aux ménages nouvellement déplacés. Les besoins immédiats exprimés sont les vivres, les abris pour certains, les kits AME, les kits d'hygiène, l'appui psychosocial et la santé.",Medium,Security Incident,D-1356,2024-10-20,Est,Mani,Manni,991,14909,3503.0,4641.0,3383.0,3382.0,Incident Data,pdi-gcorr-burkinafaso-may2025.xlsx,pdi,2024
2024-10-09,2024,10,9,I-1360,616_241009_NAMYAL-1-2-3,Centre-Nord_Namentenga_Yalgo,Est_Gnagna_Mani,"Aucune assistance n'a été apportée. Les besoins immédiats exprimés à Yalgo et Taparko sont: les vivres (80 tonnes), 200 abris, 250 kits AME et 1000 d'hygiène, 800 kits de dignité, l'appui psychosocial pour minimum 2000 personnes et un appui en santé.",Medium,Security Incident,D-1355,2024-10-14,Centre-Nord,Yalgo,Yalgo,16,112,25.0,39.0,17.0,31.0,Incident Data,pdi-gcorr-burkinafaso-may2025.xlsx,pdi,2024
2024-10-09,2024,10,9,I-1360,616_241009_NAMYAL-1-2-3,Centre-Nord_Namentenga_Yalgo,Est_Gnagna_Mani,"Aucune assistance n'a été apportée. Les besoins immédiats exprimés à Yalgo et Taparko sont: les vivres (80 tonnes), 200 abris, 250 kits AME et 1000 d'hygiène, 800 kits de dignité, l'appui psychosocial pour minimum 2000 personnes et un appui en santé.",Medium,Security Incident,D-1365,2024-11-04,Centre-Nord,Tougouri,Tougouri,77,616,171.0,236.0,105.0,104.0,Incident Data,pdi-gcorr-burkinafaso-may2025.xlsx,pdi,2024
2024-10-09,2024,10,9,I-1360,616_241009_NAMYAL-1-2-3,Centre-Nord_Namentenga_Yalgo,Est_Gnagna_Mani,"Aucune assistance n'a été apportée. Les besoins immédiats exprimés à Yalgo et Taparko sont: les vivres (80 tonnes), 200 abris, 250 kits AME et 1000 d'hygiène, 800 kits de dignité, l'appui psychosocial pour minimum 2000 personnes et un appui en santé.",Medium,Security Incident,D-1371,2024-12-18,Centre-Nord,Yalgo,Taparko,408,1570,278.0,368.0,497.0,427.0,Incident Data,pdi-gcorr-burkinafaso-may2025.xlsx,pdi,2024
2024-09-20,2024,9,20,I-1359,615240920_OUDGOR,Sahel_Oudalan_Gorom-Gorom,Sahel_Soum_Arbinda,"Les services de l'Action Humanitaire ont procédé à une évaluation rapide et multisectorielle des besoins qui se résument en : besoin en Abris/AME, alimentaire, kits de dignité et kits d'hygiène, vêtements, soutien psychologique, etc.",Medium,Security Incident,D-1354,2024-10-11,Sahel,Gorom-Gorom,Gorom-Gorom,200,1400,291.0,404.0,269.0,436.0,Incident Data,pdi-gcorr-burkinafaso-may2025.xlsx,pdi,2024
2024-09-26,2024,9,26,I-1358,614240926_KOSDJI,Boucle du Mouhoun_Kossi_Djibasso,Boucle du Mouhoun_Kossi_Barani,"Les besoins prioritaires identifiés sont alimentaires, en abris, en AME et en santé",Medium,Security Incident,D-1353,2024-09-27,Boucle du Mouhoun,Djibasso,Djibasso,55,359,47.0,57.0,112.0,143.0,Incident Data,pdi-gcorr-burkinafaso-may2025.xlsx,pdi,2024
2024-09-09,2024,9,9,I-120,613240909_KÉNKÔL,Hauts-Bassins_Kénédougou_Kôlôkô,Hauts-Bassins_Kénédougou_Kôlôkô,"Les besoins des ménages déplacés selon les services de la direction régionale de l'action humanitaire des Hauts-Bassins : 57 tonnes de vivres pour 3 mois, 1531 kits d’hygiène , 218 kits AME, 767 Nattes de 2 places, 767 Moustiquaires",High,Security Incident,D-115,2024-09-09,Hauts-Bassins,Kôlôkô,Kolok centre,218,1531,376.0,498.0,257.0,400.0,Incident Data,pdi-gcorr-burkinafaso-may2025.xlsx,pdi,2024
2024-09-08,2024,9,8,I-119,612240908_KOSDJI-1,Boucle du Mouhoun_Kossi_Djibasso,Boucle du Mouhoun_Kossi_Doumbala,"Les besoins prioritaires identifiés sont des besoins en abris, alimentaires, AME, kits d'urgence et sanitaire.",Low,Security Incident,D-114,2024-09-09,Boucle du Mouhoun,Djibasso,Djibasso,329,1157,295.0,319.0,239.0,304.0,Incident Data,pdi-gcorr-burkinafaso-may2025.xlsx,pdi,2024
2024-07-01,2024,7,1,I-118,611240701_SÉNBAN-1,Sahel_Séno_Bani,Sahel_Séno_Bani,"Les services de l'Action Humanitaire ont déjà fait l’évaluation et les besoins essentiels sont : Abris/AME, Assistance alimentaire, soins de santé, kits de dignité et kits d'hygiène, vêtements, appui psychosocial, etc.",High,Security Incident,D-113,2024-09-03,Sahel,Bani,Bani,725,4318,536.0,945.0,1419.0,1418.0,Incident Data,pdi-gcorr-burkinafaso-may2025.xlsx,pdi,2024
2024-08-12,2024,8,12,I-117,610_240812_KOUSAN - 1,Centre-Est_Koulpélogo_Sangha,Centre-Est_Koulpélogo_Sangha,"Selon le service en charge de l'action humanitaire, les besoins immédiats exprimés par les ménages déplacés sont essentiellement les vivres, les abris pour certains, les kits AME, les kits d'hygiène, l'appui psychosocial et la santé.",Medium,Security Incident,D-112,2024-08-14,Centre-Est,Sangha,"Sangha, Yourga, Yourkoudguen, Taram-Noaga, Gomsin",500,4273,1654.0,1764.0,428.0,427.0,Incident Data,pdi-gcorr-burkinafaso-may2025.xlsx,pdi,2024
2024-08-19,2024,8,19,I-116,609240819_MOUDÉD,Boucle du Mouhoun_Mouhoun_Dédougou,Boucle du Mouhoun_Kossi_Bourasso,"Les besoins prioritaires identifiés sont les besoins en abris, alimentaires, en kits d'urgence, en AME et sanitaires.",Low,Security Incident,D-111,2024-08-20,Boucle du Mouhoun,Dédougou,Dédougou,731,4680,921.0,1145.0,1255.0,1359.0,Incident Data,pdi-gcorr-burkinafaso-may2025.xlsx,pdi,2024
2024-08-19,2024,8,19,I-115,608240819_NAYYÉ-2,Boucle du Mouhoun_Nayala_Yé,Boucle du Mouhoun_Nayala_Yé,"Les besoins prioritaires identifiés sont des besoins en abris, vivres, kits d'urgence, AME et sanitaire.",Medium,Security Incident,D-110,2024-08-20,Boucle du Mouhoun,Douroula,Douroula,316,2302,326.0,449.0,733.0,794.0,Incident Data,pdi-gcorr-burkinafaso-may2025.xlsx,pdi,2024
2024-08-19,2024,8,19,I-115,608240819_NAYYÉ-2,Boucle du Mouhoun_Nayala_Yé,Boucle du Mouhoun_Nayala_Yé,"Les besoins prioritaires identifiés sont des besoins en abris, vivres, kits d'urgence, AME et sanitaire.",Medium,Security Incident,D-109,2024-08-20,Boucle du Mouhoun,Yé,Yé,1027,10309,2439.0,2175.0,3100.0,2595.0,Incident Data,pdi-gcorr-burkinafaso-may2025.xlsx,pdi,2024
2024-08-10,2024,8,10,I-114,607240810_SÉNDOR-1,Sahel_Séno_Dori,Sahel_Séno_Gorgadji,"Les services de l'Action Humanitaire ont déjà fait l’évaluation des besoins et les plus essentiels sont : Abris/AME, Assistance alimentaire, soins de santé, kits de dignité et kits d'hygiène, vêtements, appui psychosocial, etc.",Medium,Security Incident,D-108,2024-08-16,Sahel,Dori,Dori,463,2815,439.0,931.0,723.0,722.0,Incident Data,pdi-gcorr-burkinafaso-may2025.xlsx,pdi,2024
2024-06-15,2024,6,15,I-110,603240615_SÉNDOR-1,Sahel_Séno_Dori,Sahel_Yagha_Mansila,"Les services de l'Action Humanitaire ont apporté un appui psychosocial aux personnes affectées et l’évaluation fait ressortir des besoins en Abris/AME, Assistance alimentaire, soins de santé, kits de dignité et d'hygiène, vêtements et appui psychosocial.",Medium,Security Incident,D-107,2024-08-12,Sahel,Dori,Dori,472,3178,506.0,793.0,940.0,939.0,Incident Data,pdi-gcorr-burkinafaso-may2025.xlsx,pdi,2024
2024-08-07,2024,8,7,I-109,602240807_KOSNOU,Boucle du Mouhoun_Kossi_Nouna,Boucle du Mouhoun_Kossi_Barani,"Les besoins prioritaires identifiés par les services de l'Action Humanitaire sont des besoins en Abris, vivres, kits AME, kits d’urgence, prise en charge psychologique et sanitaire",Low,Security Incident,D-106,2024-08-09,Boucle du Mouhoun,Nouna,NOUNA,230,850,200.0,173.0,255.0,222.0,Incident Data,pdi-gcorr-burkinafaso-may2025.xlsx,pdi,2024
2024-06-06,2024,6,6,I-108,601240606_YATZOG,Nord_Yatenga_Zogoré,Boucle du Mouhoun_Sourou_Kiembara,"Les besoins immédiats exprimés par les ménages déplacés sont essentiellement les vivres, les abris pour certains, les kits AME, les kits d'hygiène, l'eau Hygiène et Assainissement, l'appui psychosocial et la santé.",High,Security Incident,D-104,2024-08-07,Nord,Zogoré,Zogoré,402,2366,327.0,525.0,758.0,756.0,Incident Data,pdi-gcorr-burkinafaso-may2025.xlsx,pdi,2024
2024-06-06,2024,6,6,I-108,601240606_YATZOG,Nord_Yatenga_Zogoré,Boucle du Mouhoun_Sourou_Kiembara,"Les besoins immédiats exprimés par les ménages déplacés sont essentiellement les vivres, les abris pour certains, les kits AME, les kits d'hygiène, l'eau Hygiène et Assainissement, l'appui psychosocial et la santé.",High,Security Incident,D-105,2024-08-07,Nord,Ouahigouya,"Ouahigouya Secteur-1, Secteur-10, Secteur-11, Secteur-12, Secteur-13",103,592,82.0,131.0,190.0,189.0,Incident Data,pdi-gcorr-burkinafaso-may2025.xlsx,pdi,2024
2024-07-23,2024,7,23,I-107,600240723_GNABOG-1,Est_Gnagna_Bogandé,Est_Gnagna_Thion,"Les besoins immédiats exprimés par les ménages déplacés sont essentiellement les vivres, les abris pour certains, les kits AME, les kits d'hygiène, l'appui psychosocial et la santé.",Medium,Security Incident,D-103,2024-08-07,Est,Bogandé,Bogandé,1064,9551,1209.0,2052.0,3148.0,3142.0,Incident Data,pdi-gcorr-burkinafaso-may2025.xlsx,pdi,2024
2024-07-26,2024,7,26,I-106,599240726_OUDGOR-1,Sahel_Oudalan_Gorom-Gorom,Sahel_Oudalan_Oursi,"Les services de l’action humanitaire procèdent à l’évaluation des besoins et ceux essentiels et prioritaires identifiés sont les suivants: Abris/AME, Assistance alimentaire, kits de dignité et kits d'hygiène, vêtements, appui psychosocial, etc.",Medium,Security Incident,D-102,2024-08-06,Sahel,Gorom-Gorom,Gorom-Gorom,382,2671,538.0,584.0,743.0,806.0,Incident Data,pdi-gcorr-burkinafaso-may2025.xlsx,pdi,2024
2024-08-04,2024,8,4,I-105,598240804_NAYTOM-1,Boucle du Mouhoun_Nayala_Toma,Boucle du Mouhoun_Nayala_Kougny,"Besoin urgents identifiés par l'Action Humanitaire sont en abris, vivre, Wash, soins de santé,, AME, kits de dignité et prise en charge psychosociale.",Low,Security Incident,D-101,2024-08-06,Boucle du Mouhoun,Toma,Toma,445,2388,422.0,460.0,767.0,739.0,Incident Data,pdi-gcorr-burkinafaso-may2025.xlsx,pdi,2024
2024-08-03,2024,8,3,I-104,597240803_KOSNOU-1,Boucle du Mouhoun_Kossi_Nouna,Boucle du Mouhoun_Kossi_Nouna,"Les besoins prioritaires identifiés par les sevrices de l'Action Humanitaire sont les besoins en abris, en vivres, en AME, en kits d'urgence, en prise en prise en charge psychologique et sanitaire",Low,Security Incident,D-100,2024-08-05,Boucle du Mouhoun,Nouna,Nouna,964,6722,1179.0,1604.0,1471.0,2468.0,Incident Data,pdi-gcorr-burkinafaso-may2025.xlsx,pdi,2024
2024-07-12,2024,7,12,I-103,596240712_GNAPIÉ,Est_Gnagna_Piéla,Est_Gnagna_Piéla,"Les besoins primaires identifiés sont essentiellement les vivres, les abris pour certains, les kits AME, les kits d'hygiène, l'appui psychosocial et la santé.",Medium,Security Incident,D-97,2024-07-22,Est,Piéla,Piéla Centre,934,8015,1277.0,1968.0,2387.0,2383.0,Incident Data,pdi-gcorr-burkinafaso-may2025.xlsx,pdi,2024
2024-07-12,2024,7,12,I-102,595_240712_GNABOG,Est_Gnagna_Bogandé,Est_Gnagna_Bogandé,"Les besoins immédiats exprimés par les ménages déplacés sont essentiellement les vivres, les abris pour certains, les kits AME, les kits d'hygiène, l'appui psychosocial et la santé.",Medium,Security Incident,D-98,2024-07-22,Est,Bogandé,Bogandé centre,1154,9954,1747.0,2162.0,3025.0,3020.0,Incident Data,pdi-gcorr-burkinafaso-may2025.xlsx,pdi,2024
2024-07-14,2024,7,14,I-101,594240714_GOUFAD,Est_Gourma_Fada-Ngourma,Est_Gourma_Fada-Ngourma,"Selon le service de l'action humanitaire de Fada les besoins immédiats sont les vivres, les abris, les premiers secours psychologiques, les articles ménagers essentiels, l'Eau, Hygiène et Assainissement et la santé.",Low,Security Incident,D-99,2024-07-22,Est,Fada-Ngourma,Fada N'Gourma,381,3566,423.0,755.0,1195.0,1193.0,Incident Data,pdi-gcorr-burkinafaso-may2025.xlsx,pdi,2024
2024-07-15,2024,7,15,I-100,593_240715_KOSNOU,Boucle du Mouhoun_Kossi_Nouna,Boucle du Mouhoun_Kossi_Nouna,"Les besoins prioritaires identifiés par l'Action humanitaire sont les besoins en abris, alimentaire, AME, protection, santé et en kits d'urgence.",Low,Security Incident,D-96,2024-07-21,Boucle du Mouhoun,Nouna,Nouna,61,391,57.0,82.0,121.0,131.0,Incident Data,pdi-gcorr-burkinafaso-may2025.xlsx,pdi,2024
2024-07-20,2024,7,20,I-99,592240720_KOSNOU,Boucle du Mouhoun_Kossi_Nouna,Boucle du Mouhoun_Kossi_Nouna,"Les besoins prioritaires identifiés l'Action Humanitaire sont en Abris, vivres, AME, kits d’urgence, prise en charge psychologique, santé",Low,Security Incident,D-95,2024-07-21,Boucle du Mouhoun,Nouna,Nouna,497,3000,650.0,955.0,671.0,724.0,Incident Data,pdi-gcorr-burkinafaso-may2025.xlsx,pdi,2024
2024-06-28,2024,6,28,I-98,591240628_KOSNOU,Boucle du Mouhoun_Kossi_Nouna,Boucle du Mouhoun_Kossi_Doumbala,"Les besoins prioritaires identifiés sont les besoins en abris, alimentaires, AME, protection et nutrition",Low,Security Incident,D-94,2024-06-30,Boucle du Mouhoun,Nouna,Dembo,278,1831,323.0,437.0,514.0,557.0,Incident Data,pdi-gcorr-burkinafaso-may2025.xlsx,pdi,2024
2024-07-05,2024,7,5,I-97,590240705_BANBAL,Boucle du Mouhoun_Banwa_Balavé,Boucle du Mouhoun_Banwa_Solenzo,"Les besoins prioritaires identifiés par les services de l'Action humanitaire sont en protection, en assistance alimentaire et en AME.",Low,Security Incident,D-92,2024-07-06,Boucle du Mouhoun,Balavé,Yasso,150,1050,158.0,192.0,315.0,385.0,Incident Data,pdi-gcorr-burkinafaso-may2025.xlsx,pdi,2024
2024-07-05,2024,7,5,I-97,590240705_BANBAL,Boucle du Mouhoun_Banwa_Balavé,Boucle du Mouhoun_Banwa_Solenzo,"Les besoins prioritaires identifiés par les services de l'Action humanitaire sont en protection, en assistance alimentaire et en AME.",Low,Security Incident,D-93,2024-07-06,Boucle du Mouhoun,Solenzo,Solenzo,60,420,64.0,76.0,126.0,154.0,Incident Data,pdi-gcorr-burkinafaso-may2025.xlsx,pdi,2024
2024-07-07,2024,7,7,I-96,589240707_BANSAN,Boucle du Mouhoun_Banwa_Sanaba,Boucle du Mouhoun_Banwa_Sanaba,"Les besoins prioritaires identifiés par les services de l'Action Humanitaire sont: en protection, en assistance alimentaire et en AME.",Low,Security Incident,D-91,2024-07-10,Boucle du Mouhoun,Sanaba,Sanaba,145,1000,151.0,183.0,300.0,366.0,Incident Data,pdi-gcorr-burkinafaso-may2025.xlsx,pdi,2024
2024-05-28,2024,5,28,I-95,588240528_BANSOL,Boucle du Mouhoun_Banwa_Solenzo,Hauts-Bassins_Houet_Padéma,"Les besoins prioritaires identifiés sont les besoins en abris, alimentaires, AME, nutrition, santé et protection.",Low,Security Incident,D-90,2024-06-05,Boucle du Mouhoun,Solenzo,Yasso,117,700,112.0,121.0,224.0,243.0,Incident Data,pdi-gcorr-burkinafaso-may2025.xlsx,pdi,2024
2024-05-28,2024,5,28,I-95,588240528_BANSOL,Boucle du Mouhoun_Banwa_Solenzo,Hauts-Bassins_Houet_Padéma,"Les besoins prioritaires identifiés sont les besoins en abris, alimentaires, AME, nutrition, santé et protection.",Low,Security Incident,D-89,2024-05-29,Boucle du Mouhoun,Solenzo,Bèna,220,1540,230.0,284.0,534.0,492.0,Incident Data,pdi-gcorr-burkinafaso-may2025.xlsx,pdi,2024
2024-05-30,2024,5,30,I-94,587240530_YATOUA-1,Nord_Yatenga_Ouahigouya,Centre-Ouest_Boulkiemdé_Thiou,"Les besoins immédiats immédiats sont essentiellement les vivres, les abris, les kits AME, les kits d'hygiène, l'appui psychosocial, l'eau Hygiène Assainissement et la santé",Medium,Security Incident,D-88,2024-06-30,Nord,Ouahigouya,"Ouahigouya_Secteur_1, Ouahigouya_Secteur_13, Ouahigouya_Secteur_11, Ouahigouya_Secteur_10, Ouahigouya_Secteur_12",4628,27029,3973.0,5589.0,8740.0,8727.0,Incident Data,pdi-gcorr-burkinafaso-may2025.xlsx,pdi,2024
2024-06-25,2024,6,25,I-93,586240625_KOSSÔN,Boucle du Mouhoun_Kossi_Sônô,Boucle du Mouhoun_Kossi_Sônô,"Les besoins prioritaires identifiés par l'action humanitaire sont les besoins en abris, alimentaires, en AME, protection.",Medium,Security Incident,D-84,2024-06-26,Boucle du Mouhoun,Nouna,Nouna,269,1699,281.0,380.0,500.0,541.0,Incident Data,pdi-gcorr-burkinafaso-may2025.xlsx,pdi,2024
2024-06-25,2024,6,25,I-93,586240625_KOSSÔN,Boucle du Mouhoun_Kossi_Sônô,Boucle du Mouhoun_Kossi_Sônô,"Les besoins prioritaires identifiés par l'action humanitaire sont les besoins en abris, alimentaires, en AME, protection.",Medium,Security Incident,D-83,2024-06-26,Boucle du Mouhoun,Sônô,Sono,429,3000,529.0,715.0,843.0,913.0,Incident Data,pdi-gcorr-burkinafaso-may2025.xlsx,pdi,2024
2024-06-07,2024,6,7,I-92,585_240607_GNABOG-1,Est_Gnagna_Bogandé,Est_Gnagna_Bogandé,"Les besoins immédiats exprimés par les ménages déplacés étaient essentiellement les vivres, les abris pour certains, les kits AME, les kits d'hygiène, l'appui psychosocial et la santé.",Medium,Security Incident,D-82,2024-06-27,Est,Bogandé,Bogande (toute la ville),2409,18489,3702.0,4893.0,5152.0,4742.0,Incident Data,pdi-gcorr-burkinafaso-may2025.xlsx,pdi,2024
2024-06-25,2024,6,25,I-91,584240625_SANKAY,Centre-Nord_Sanmatenga_Pissila,Centre-Nord_Sanmatenga_Pissila,"Les besoins immédiats exprimés sont essentiellement les vivres (147 tonnes), les abris pour certains (1100 abris), les kits AME (1566kits), les kits d'hygiène (1600 kits), l'appui psychosocial pour au moins 12000 personnes et la santé.",Medium,Security Incident,D-86,2024-06-30,Centre-Nord,Kaya,Kaya,1197,8379,1257.0,2094.0,5028.0,,Incident Data,pdi-gcorr-burkinafaso-may2025.xlsx,pdi,2024
2024-06-25,2024,6,25,I-91,584240625_SANKAY,Centre-Nord_Sanmatenga_Pissila,Centre-Nord_Sanmatenga_Pissila,"Les besoins immédiats exprimés sont essentiellement les vivres (147 tonnes), les abris pour certains (1100 abris), les kits AME (1566kits), les kits d'hygiène (1600 kits), l'appui psychosocial pour au moins 12000 personnes et la santé.",Medium,Security Incident,D-87,2024-06-30,Centre-Nord,Pissila,Pissila,566,3955,593.0,989.0,2373.0,,Incident Data,pdi-gcorr-burkinafaso-may2025.xlsx,pdi,2024
2024-05-22,2024,5,22,I-90,569240522_GNABIL-2,Est_Gnagna_Bilanga,Est_Gnagna_Piéla,"Les besoins immédiats exprimés par les ménages déplacés sont essentiellement les vivres, les abris pour certains, les kits AME, les kits d'hygiène, l'appui psychosocial et la santé.",Medium,Security Incident,D-79,2024-06-27,Est,Bilanga,Bilanga,231,1865,356.0,440.0,1069.0,,Incident Data,pdi-gcorr-burkinafaso-may2025.xlsx,pdi,2024
2024-06-22,2024,6,22,I-89,582240622_COMMAN,Cascades_Comoé_Mangodara,,"Un besoin en vivres,abris, et kits AME est necessaire pour les personnes déplacées",High,Security Incident,D-78,2024-06-24,Cascades,Mangodara,Mangodara,196,777,45.0,192.0,253.0,286.0,Incident Data,pdi-gcorr-burkinafaso-may2025.xlsx,pdi,2024
2024-06-21,2024,6,21,I-87,580240621_MOUDÉD,Boucle du Mouhoun_Mouhoun_Dédougou,Boucle du Mouhoun_Mouhoun_Dédougou,"Les besoins prioritaires identifiés par la Direction l'Action Humanitaire sont les besoins en abris, en AME et alimentaires.",Low,Security Incident,D-76,2024-06-23,Boucle du Mouhoun,Dédougou,Dédougou,177,1104,206.0,271.0,301.0,326.0,Incident Data,pdi-gcorr-burkinafaso-may2025.xlsx,pdi,2024
2024-06-11,2024,6,11,I-86,579240611_KOSNOU,Boucle du Mouhoun_Kossi_Nouna,Boucle du Mouhoun_Kossi_Barani,"Les besoins pressants identifiés sont les besoins en abris, alimentaires, nutrition, protection et Wash.",Low,Security Incident,D-75,2024-06-16,Boucle du Mouhoun,Nouna,Nouna,252,2040,393.0,550.0,527.0,570.0,Incident Data,pdi-gcorr-burkinafaso-may2025.xlsx,pdi,2024
2024-06-18,2024,6,18,I-85,578240618_KOSNOU,Boucle du Mouhoun_Kossi_Nouna,Boucle du Mouhoun_Kossi_Nouna,"Les besoins prioritaires identifiés sont abris, alimentaires, AME et protection.",Medium,Security Incident,D-74,2024-06-19,Boucle du Mouhoun,Nouna,Nouna,90,630,148.0,202.0,134.0,146.0,Incident Data,pdi-gcorr-burkinafaso-may2025.xlsx,pdi,2024
2024-06-20,2024,6,20,I-83,576240620_YATOUA-1-2,Nord_Yatenga_Ouahigouya,Nord_Yatenga_Tangaye,"Les besoins primaires identifiés sont essentiellement les vivres, les abris, les kits AME, les kits d'hygiène, l'appui psychosocial, l'eau Hygiène Assainissement et la santé pour les ménages issus du dernier dénombrement.",Medium,Security Incident,D-73,2024-06-21,Nord,Ouahigouya,Ouahigouya_Secteur_13,964,4779,877.0,903.0,1501.0,1498.0,Incident Data,pdi-gcorr-burkinafaso-may2025.xlsx,pdi,2024
2024-06-20,2024,6,20,I-82,575240620_BAMKON,Centre-Nord_Bam_Kongoussi,Koumbango,"Les besoins immédiats exprimés par ces ménages déplacés sont d'ordre alimentaire, abris, AME, eau, hygiène, assainissement, la santé et la prise en charge psychosociale. A ce jour, ces PDI n'ont reçu aucune assistance.",Medium,Security Incident,D-72,2024-06-20,Centre-Nord,Kongoussi,Kongoussi,51,440,59.0,80.0,301.0,0.0,Incident Data,pdi-gcorr-burkinafaso-may2025.xlsx,pdi,2024
2024-06-07,2024,6,7,I-74,573240607_OUDGOR-1,Sahel_Oudalan_Gorom-Gorom,Sahel_Oudalan_Oursi,"Les services de l'Action Humanitaire procèdent à l’évaluation des besoins et les plus essentiels sont : Abris/AME, Assistance alimentaire, soins de santé, kits de dignité et kits d'hygiène, vêtements, appui psychosocial, etc.",Medium,Security Incident,D-71,2024-06-09,Sahel,Gorom-Gorom,Gorom-Gorom,407,2838,474.0,571.0,858.0,935.0,Incident Data,pdi-gcorr-burkinafaso-may2025.xlsx,pdi,2024
2024-05-05,2024,5,5,I-73,574240505_HOUKOU,Hauts-Bassins_Houet_Koundougou,Hauts-Bassins_Houet_Fo,vivres estimé à 517 sacs de 100 kg de mais et 516 sacs de riz ; 463 Nattes; 522 Seaux 150 Moustiquaires : : 850 Couvertures ; 248 marmites ; 200 assiettes,High,Security Incident,D-70,2024-06-06,Hauts-Bassins,Koundougou,"Tarama, Koundougou centre, Kogoma",174,1434,269.0,401.0,254.0,510.0,Incident Data,pdi-gcorr-burkinafaso-may2025.xlsx,pdi,2024
2024-05-28,2024,5,28,I-72,572240528_SENDOR-1,Sahel_Séno_Dori,Sahel_Séno_Sampelga,"Alimentaires, Abris, AME, la Santé, les Kits de Dignité et d’Hygiène, des Vêtements ainsi qu’un Appui Psychosocial.",Medium,Security Incident,D-69,2024-05-29,Sahel,Dori,Dori,330,1677,339.0,386.0,477.0,475.0,Incident Data,pdi-gcorr-burkinafaso-may2025.xlsx,pdi,2024
2024-03-01,2024,3,1,I-71,552240301_BALBAG,Boucle du Mouhoun_Balé_Bagassi,Boucle du Mouhoun_Balé_Bagassi,"Selon le service de l’action humanitaire, les besoins urgents exprimés par ces ménages déplacés sont entre autres : Abris, AME et Alimentaires.",Low,Security Incident,D-67,2024-03-01,Boucle du Mouhoun,Bagassi,Bagassi,91,759,,,,,Incident Data,pdi-gcorr-burkinafaso-may2025.xlsx,pdi,2024
2024-02-25,2024,2,25,I-70,560240225_YATOUA-1-2,Nord_Yatenga_Ouahigouya,Nord_Yatenga_Thiou,"Selon le service de l’Action Humanitaire, les besoins urgents exprimés par ces ménages déplacés sont entre autres : Alimentaires, Abris, AME, l’Eau, l’Hygiène et l’Assainissement, les Premiers Secours Psychologiques ainsi que la Santé.",Medium,Security Incident,D-66,2024-04-10,Nord,Ouahigouya,Ouahigouya,1377,10342,,,,,Incident Data,pdi-gcorr-burkinafaso-may2025.xlsx,pdi,2024
2024-02-14,2024,2,14,I-69,548240214_KOSNOU-1-2-3,Boucle du Mouhoun_Kossi_Nouna,Boucle du Mouhoun_Kossi_Nouna,"Selon le service de l’action humanitaire, les besoins urgents exprimés par ces ménages déplacés sont entre autres : Alimentaire, Abris, AME, Protection et Nutrition.",High,Security Incident,D-65,2024-02-23,Boucle du Mouhoun,Nouna,"Nouna, Secteurs 1, 3, 4, 5 et 7",618,3759,817.0,929.0,1067.0,957.0,Incident Data,pdi-gcorr-burkinafaso-may2025.xlsx,pdi,2024
2024-01-24,2024,1,24,I-68,542240124_GNAPIE-1,Est_Gnagna_Piéla,Est_Gnagna_Bogandé,"Selon les agents du service de l’action sociale, les besoins urgents exprimés par ces ménages déplacés sont entre autres les vivres, les abris, les articles ménagers essentiels, l'eau, l'hygiène et l'assainissement et la santé.",High,Security Incident,D-68,2024-01-24,Est,Piéla,Piela,1858,13474,1955.0,1562.0,3960.0,4108.0,Incident Data,pdi-gcorr-burkinafaso-may2025.xlsx,pdi,2024
2024-05-11,2024,5,11,I-67,565240511_SENDOR,Sahel_Séno_Dori,Centre-Nord_Bam_Tikaré,"Selon le service de l’Action Humanitaire, les besoins urgents exprimés par ces ménages déplacés sont entre autres : Alimentaires, Abris, AME, la Santé, les Kits de Dignité et d’Hygiène, des Vêtements ainsi qu’un Appui Psychosocial.",Medium,Security Incident,D-64,2024-05-14,Sahel,Dori,Dori,370,2560,333.0,691.0,,,Incident Data,pdi-gcorr-burkinafaso-may2025.xlsx,pdi,2024
2024-04-30,2024,4,30,I-66,564240430_YATRAM -1,Nord_Yatenga_Rambo,Centre-Nord_Bam_Tikaré,"Selon les services de l'Action Humanitaire de Rambo, les besoins immédiats exprimés par ces ménages déplacés sont : Alimentaires, les Abris, la WASH, la Santé et la Prise en Charge Psychosociale.",Medium,Security Incident,D-63,2024-04-30,Nord,Rambo,Rambo,289,2304,458.0,557.0,,,Incident Data,pdi-gcorr-burkinafaso-may2025.xlsx,pdi,2024
2024-04-30,2024,4,30,I-66,564240430_YATRAM -1,Nord_Yatenga_Rambo,Centre-Nord_Bam_Tikaré,"Selon les services de l'Action Humanitaire de Rambo, les besoins immédiats exprimés par ces ménages déplacés sont : Alimentaires, les Abris, la WASH, la Santé et la Prise en Charge Psychosociale.",Medium,Security Incident,D-81,2024-07-18,Centre-Nord,Tikaré,Tikare,91,536,95.0,,107.0,,Incident Data,pdi-gcorr-burkinafaso-may2025.xlsx,pdi,2024
2024-05-05,2024,5,5,I-65,563240505_TAPDIA,Est_Tapoa_Diapaga,Est_Tapoa_Diapaga,"Selon les services de l'action humanitaire les besoins immédiats exprimés par ces ménages déplacés sont d'ordre Alimentaire, Abris, AME, WASH, la Santé et la Prise en Charge Psychosociale.",High,Security Incident,D-62,2024-05-05,Est,Diapaga,Diapaga,159,1189,311.0,406.0,200.0,272.0,Incident Data,pdi-gcorr-burkinafaso-may2025.xlsx,pdi,2024
2024-05-02,2024,5,2,I-64,562240502_SANBSM,Centre-Nord_Sanmatenga_Boussouma,Centre-Nord_Sanmatenga_Boussouma,"Les besoins les plus urgents sont les vivres, les abris, les kits AME, les kits hygiène, la prise en charge psychosociale, et la protection.",Medium,Security Incident,D-60,2024-05-03,Centre-Nord,Mané,mane,157,958,169.0,308.0,221.0,260.0,Incident Data,pdi-gcorr-burkinafaso-may2025.xlsx,pdi,2024
2024-05-02,2024,5,2,I-64,562240502_SANBSM,Centre-Nord_Sanmatenga_Boussouma,Centre-Nord_Sanmatenga_Boussouma,"Les besoins les plus urgents sont les vivres, les abris, les kits AME, les kits hygiène, la prise en charge psychosociale, et la protection.",Medium,Security Incident,D-58,2024-05-03,Centre-Nord,Boussouma,Boussouma,714,4859,552.0,1121.0,1506.0,1680.0,Incident Data,pdi-gcorr-burkinafaso-may2025.xlsx,pdi,2024
2024-05-02,2024,5,2,I-64,562240502_SANBSM,Centre-Nord_Sanmatenga_Boussouma,Centre-Nord_Sanmatenga_Boussouma,"Les besoins les plus urgents sont les vivres, les abris, les kits AME, les kits hygiène, la prise en charge psychosociale, et la protection.",Medium,Security Incident,D-59,2024-05-03,Centre-Nord,Korsimoro,Korsimoro,31,183,28.0,64.0,40.0,51.0,Incident Data,pdi-gcorr-burkinafaso-may2025.xlsx,pdi,2024
2024-05-02,2024,5,2,I-64,562240502_SANBSM,Centre-Nord_Sanmatenga_Boussouma,Centre-Nord_Sanmatenga_Boussouma,"Les besoins les plus urgents sont les vivres, les abris, les kits AME, les kits hygiène, la prise en charge psychosociale, et la protection.",Medium,Security Incident,D-61,2024-05-03,Centre-Nord,Kaya,Kaya,226,1127,156.0,219.0,352.0,400.0,Incident Data,pdi-gcorr-burkinafaso-may2025.xlsx,pdi,2024
2024-04-23,2024,4,23,I-63,561240423_KLGSGA-1,Centre-Est_Koulpélogo_Sangha,Centre-Est_Koulpélogo_Sangha,"Besoin d'urgence aux personnes déplacées est requise avec en priorité une assistance en Vivres, abris/AME ainsi que la prise en charge psychosociale.",Medium,Security Incident,D-57,2024-04-23,Centre-Est,Sangha,Sangha,700,4550,729.0,1137.0,1141.0,1543.0,Incident Data,pdi-gcorr-burkinafaso-may2025.xlsx,pdi,2024
2024-04-14,2024,4,14,I-62,559240414_NAYYE,Boucle du Mouhoun_Nayala_Yé,Boucle du Mouhoun_Nayala_Yé,"Selon le service de l’action humanitaire, les besoins urgents exprimés par ces ménages déplacés sont entre autres : Alimentaire, Abris, AME et Protection.",Low,Security Incident,D-56,2024-04-17,Boucle du Mouhoun,Yé,Tcheriba,110,450,150.0,100.0,82.0,118.0,Incident Data,pdi-gcorr-burkinafaso-may2025.xlsx,pdi,2024
2024-04-14,2024,4,14,I-62,559240414_NAYYE,Boucle du Mouhoun_Nayala_Yé,Boucle du Mouhoun_Nayala_Yé,"Selon le service de l’action humanitaire, les besoins urgents exprimés par ces ménages déplacés sont entre autres : Alimentaire, Abris, AME et Protection.",Low,Security Incident,D-55,2024-04-17,Boucle du Mouhoun,Yé,Ras,282,2050,500.0,700.0,395.0,405.0,Incident Data,pdi-gcorr-burkinafaso-may2025.xlsx,pdi,2024
2024-04-15,2024,4,15,I-61,558240415_BANSOL,Boucle du Mouhoun_Banwa_Solenzo,Boucle du Mouhoun_Banwa_Tansila,"Selon le service de l’action humanitaire, les besoins urgents exprimés par ces ménages déplacés sont entre autres : Alimentaire, Abris, AME et Protection.",Medium,Security Incident,D-53,2024-04-16,Boucle du Mouhoun,Solenzo,Ras,100,700,180.0,218.0,142.0,160.0,Incident Data,pdi-gcorr-burkinafaso-may2025.xlsx,pdi,2024
2024-04-15,2024,4,15,I-61,558240415_BANSOL,Boucle du Mouhoun_Banwa_Solenzo,Boucle du Mouhoun_Banwa_Tansila,"Selon le service de l’action humanitaire, les besoins urgents exprimés par ces ménages déplacés sont entre autres : Alimentaire, Abris, AME et Protection.",Medium,Security Incident,D-54,2024-04-16,Boucle du Mouhoun,Balavé,Balave,200,1300,278.0,422.0,283.0,317.0,Incident Data,pdi-gcorr-burkinafaso-may2025.xlsx,pdi,2024
2024-03-25,2024,3,25,I-60,557240325_KOMGAY,Est_Komandjari_Gayéri,Est_Komandjari_Gayéri,"Les besoins urgents s’articulent autour des vivres, les abris et les articles ménagers essentiels, la WASH, la santé et la prise en charge psychosociale.",Medium,Security Incident,D-52,2024-03-25,Est,Gayéri,Gayeri,40,232,21.0,54.0,77.0,80.0,Incident Data,pdi-gcorr-burkinafaso-may2025.xlsx,pdi,2024
2024-03-19,2024,3,19,I-59,556240319_KOMGAY,Est_Komandjari_Gayéri,Est_Komandjari_Gayéri,"Selon le service de l’action sociale, les besoins immédiats exprimés par les ménages nouvellement déplacés sont entre autres les vivres, les abris, les articles ménagers essentiels, la Wash, la santé et le soutien psychosocial.",Medium,Security Incident,D-51,2024-03-19,Est,Gayéri,Gayeri,103,677,93.0,148.0,216.0,220.0,Incident Data,pdi-gcorr-burkinafaso-may2025.xlsx,pdi,2024
2024-03-14,2024,3,14,I-58,555240314_KOMGAY,Est_Komandjari_Gayéri,Est_Komandjari_Gayéri,"Selon le service de l’action sociale, les besoins immédiats exprimés par les ménages nouvellement déplacés sont entre autres les vivres, les abris, les articles ménagers essentiels, la Wash, la santé et le soutien psychosocial.",Medium,Security Incident,D-50,2024-03-14,Est,Gayéri,Gayeri,145,1112,101.0,196.0,400.0,415.0,Incident Data,pdi-gcorr-burkinafaso-may2025.xlsx,pdi,2024
2024-03-09,2024,3,9,I-57,553240309 _KOMGAY,Est_Komandjari_Gayéri,Est_Komandjari_Gayéri,"Les besoins immédiats exprimés par les ménages nouvellement déplacés sont entre autres les abris, les vivres, les articles ménagers essentiels, la Wash, la santé et le soutien psychosocial.",Medium,Security Incident,D-49,2024-03-09,Est,Gayéri,Gayeri,213,1723,337.0,401.0,405.0,480.0,Incident Data,pdi-gcorr-burkinafaso-may2025.xlsx,pdi,2024
2024-03-06,2024,3,6,I-56,554240306_BALBOR,Boucle du Mouhoun_Balé_Boromo,Boucle du Mouhoun_Balé_Yaho,"Selon la direction provinciale de l’action humanitaire, les principaux besoins exprimés par ces ménages déplacés sont entre autres : WASH, alimentaires, abris et AME.",Low,Security Incident,D-48,2024-03-08,Boucle du Mouhoun,Boromo,Boromo,21,139,15.0,41.0,,,Incident Data,pdi-gcorr-burkinafaso-may2025.xlsx,pdi,2024
2024-02-17,2024,2,17,I-55,551240217_SENDOR,Sahel_Séno_Dori,Sahel_Séno_Bani,"Les besoins urgents exprimés par ces ménages déplacés sont entre autres l’assistance alimentaire, les Abris et AME, les soins de santé et la nutrition, les kits de dignité et kits d’hygiène ainsi que des vêtements et un appui psychosocial.",Medium,Security Incident,D-47,2024-02-19,Sahel,Dori,Dori,201,1407,184.0,379.0,,,Incident Data,pdi-gcorr-burkinafaso-may2025.xlsx,pdi,2024
2024-02-23,2024,2,23,I-54,550240223_KOMGAY,Est_Komandjari_Gayéri,Est_Komandjari_Gayéri,"Besoins urgents restent à couvrir, à savoir les vivres, les abris, les AME, la santé et nutrition, l'eau, l'hygiène et l'assainissement et la prise en charge psychosociale.",Medium,Security Incident,D-46,2024-02-23,Est,Gayéri,Gayeri,176,1171,104.0,248.0,,,Incident Data,pdi-gcorr-burkinafaso-may2025.xlsx,pdi,2024
2024-02-21,2024,2,21,I-53,549240221_YATSEN,Nord_Yatenga_Senguènèga,Centre-Nord_Bam_Rollo,"Selon les agents du service de l’action sociale, les besoins urgents exprimés par ces ménages déplacés sont entre autres les abris, l’accès à l’eau, les vivres ainsi que les AME.",Low,Security Incident,D-45,2024-02-22,Nord,Senguènèga,Seguenega et Goubre,234,3415,430.0,849.0,,,Incident Data,pdi-gcorr-burkinafaso-may2025.xlsx,pdi,2024
2024-01-30,2024,1,30,I-52,540240130_GOUFAD,Est_Gourma_Fada-Ngourma,Est_Gourma_Fada-Ngourma,"Selon les agents du service de l’action sociale, les besoins urgents exprimés par ces ménages déplacés sont entre autres alimentaires, abris, santé et eau, hygiène et assainissement.",Medium,Security Incident,D-44,2024-01-31,Est,Fada-Ngourma,Fada_Ngourma,274,1707,294.0,385.0,,,Incident Data,pdi-gcorr-burkinafaso-may2025.xlsx,pdi,2024
2024-01-06,2024,1,6,I-51,538240106_KOSDBS,Boucle du Mouhoun_Kossi_Djibasso,Boucle du Mouhoun_Kossi_Doumbala,"Selon les agents du service de l’action sociale, les besoins urgents exprimés par ces ménages déplacés sont entre autres les abris, l’aide alimentaire et les AME.",High,Security Incident,D-43,2024-01-06,Boucle du Mouhoun,Doumbala,Koa et Dakuy,275,4739,,,,,Incident Data,pdi-gcorr-burkinafaso-may2025.xlsx,pdi,2024
2024-01-06,2024,1,6,I-51,538240106_KOSDBS,Boucle du Mouhoun_Kossi_Djibasso,Boucle du Mouhoun_Kossi_Doumbala,"Selon les agents du service de l’action sociale, les besoins urgents exprimés par ces ménages déplacés sont entre autres les abris, l’aide alimentaire et les AME.",High,Security Incident,D-42,2024-01-06,Boucle du Mouhoun,Djibasso,Doumbala,336,4739,,,,,Incident Data,pdi-gcorr-burkinafaso-may2025.xlsx,pdi,2024
2024-01-21,2024,1,21,I-50,537240121_KOSNOU,Boucle du Mouhoun_Kossi_Nouna,Boucle du Mouhoun_Kossi_Nouna,"Selon les agents du service de l’action sociale, les besoins urgents exprimés par ces ménages déplacés sont entre autres les abris, l’aide alimentaire et les AME.",High,Security Incident,D-41,2024-01-22,Boucle du Mouhoun,Nouna,Djibasso,131,935,,,,,Incident Data,pdi-gcorr-burkinafaso-may2025.xlsx,pdi,2024
2024-01-04,2024,1,4,I-49,539240104_KOSDBS,Boucle du Mouhoun_Kossi_Djibasso,Boucle du Mouhoun_Kossi_Djibasso,"Selon les agents du service de l’action sociale, les besoins urgents exprimés par ces ménages déplacés sont entre autres les abris, l’aide alimentaire et les AME.",High,Security Incident,D-40,2024-01-05,Boucle du Mouhoun,Djibasso,Djibasso,354,2014,,,,,Incident Data,pdi-gcorr-burkinafaso-may2025.xlsx,pdi,2024
2024-02-10,2024,2,10,I-48,547240210_SENDOR,Sahel_Séno_Dori,Sahel_Séno_Dori,"Les besoins urgents exprimés par ces ménages déplacés sont entre autres l’assistance alimentaire, les Abris et AME, les soins de santé et la nutrition, les kits de dignité et kits d’hygiène ainsi que des vêtements et un appui psychosocial.",Medium,Security Incident,D-38,2024-02-11,Sahel,Dori,Dori Dori,132,411,,,,,Incident Data,pdi-gcorr-burkinafaso-may2025.xlsx,pdi,2024
2024-02-04,2024,2,4,I-47,546240204_KOSBOM-1,Boucle du Mouhoun_Kossi_Bomborokui,Boucle du Mouhoun_Kossi_Bomborokui,"Selon le service de l’action humanitaire, les besoins urgents exprimés par ces ménages déplacés sont entre autres : l’aide alimentaire, Abris, AME et Protection.",High,Security Incident,D-37,2024-02-04,Boucle du Mouhoun,Bomborokui,Bomborokuy,423,4933,880.0,1232.0,,,Incident Data,pdi-gcorr-burkinafaso-may2025.xlsx,pdi,2024
2024-01-17,2024,1,17,I-46,544240117_BANSOL,Boucle du Mouhoun_Banwa_Solenzo,Boucle du Mouhoun_Banwa_Solenzo,"Selon le service de l’action humanitaire, les besoins urgents exprimés par ces ménages déplacés sont entre autres : l’aide alimentaire, Abris, AME et Protection.",Medium,Security Incident,D-36,2024-01-17,Boucle du Mouhoun,Kouka,Kouka,80,555,83.0,102.0,,,Incident Data,pdi-gcorr-burkinafaso-may2025.xlsx,pdi,2024
2024-01-17,2024,1,17,I-46,544240117_BANSOL,Boucle du Mouhoun_Banwa_Solenzo,Boucle du Mouhoun_Banwa_Solenzo,"Selon le service de l’action humanitaire, les besoins urgents exprimés par ces ménages déplacés sont entre autres : l’aide alimentaire, Abris, AME et Protection.",Medium,Security Incident,D-35,2024-01-17,Boucle du Mouhoun,Solenzo,Solenzo,134,945,142.0,173.0,,,Incident Data,pdi-gcorr-burkinafaso-may2025.xlsx,pdi,2024
2024-01-10,2024,1,10,I-45,545240110_BANTAL,Boucle du Mouhoun_Banwa_Tansila,Boucle du Mouhoun_Banwa_Tansila,"Selon le service de l’action humanitaire, les besoins prioritaires exprimés par ces ménages déplacés sont entre autres: l’aide alimentaire, Abris, les AME, Hygiène et Protection.",Medium,Security Incident,D-34,2024-01-10,Boucle du Mouhoun,Tansila,Tansila,30,210,,,,,Incident Data,pdi-gcorr-burkinafaso-may2025.xlsx,pdi,2024
2024-02-07,2024,2,7,I-44,543240207_GOUTIB-1-2,Est_Gourma_Tibga,Est_Gourma_Tibga,"Besoins urgents restent à couvrir, à savoir les abris, les AME, la PSP, la santé et l'eau, l'hygiène et l'assainissement.",Medium,Security Incident,D-33,2024-02-07,Est,Tibga,Tibga,841,6401,524.0,1382.0,,,Incident Data,pdi-gcorr-burkinafaso-may2025.xlsx,pdi,2024
2024-01-10,2024,1,10,I-43,541240110_KLGKGA,Centre-Est_Koulpélogo_Komin-Yanga,Centre-Est_Koulpélogo_Komin-Yanga,"Les besoins prioritaires sont entre autres: assistance alimentaire, Santé, WASH, NFI/Abris, protection/appui psychosocial, et éducat",Medium,Security Incident,D-32,2024-01-11,Centre-Est,Komin-Yanga,Comin-Yanga,180,1820,441.0,473.0,,,Incident Data,pdi-gcorr-burkinafaso-may2025.xlsx,pdi,2024
2024-01-08,2024,1,8,I-42,532240108_GNAPIE,Est_Gnagna_Piéla,Est_Gnagna_Piéla,"Les besoins immédiats sont les vivres, les AME, les soins de santé et l'eau, l'hygiène et l'assainissement.",Medium,Security Incident,D-31,2024-01-09,Est,Piéla,Piela,125,918,185.0,210.0,,,Incident Data,pdi-gcorr-burkinafaso-may2025.xlsx,pdi,2024
2024-01-03,2024,1,3,I-41,534240103_GNABIL-1,Est_Gnagna_Bilanga,Est_Gnagna_Bilanga,"Leurs besoins immédiats seraient les vivres, les abris, les articles ménagers essentiels, l'eau, l'hygiène et l'assainissement et la santé.",Medium,Security Incident,D-30,2024-01-03,Est,Bilanga,Bilanga centre,0,0,,,,,Incident Data,pdi-gcorr-burkinafaso-may2025.xlsx,pdi,2024
2024-01-03,2024,1,3,I-41,534240103_GNABIL-1,Est_Gnagna_Bilanga,Est_Gnagna_Bilanga,"Leurs besoins immédiats seraient les vivres, les abris, les articles ménagers essentiels, l'eau, l'hygiène et l'assainissement et la santé.",Medium,Security Incident,D-39,2024-02-06,Est,Bilanga,Bilanga,285,4531,,,,,Incident Data,pdi-gcorr-burkinafaso-may2025.xlsx,pdi,2024
2024-01-10,2024,1,10,I-40,530240110_GOUMAT,Est_Gourma_Matiakoali,Est_Tapoa_Kantchari,"Pour l’instant, ces ménages déplacés n’ont pas reçu d’assistance et leurs besoins immédiats sont les vivres,_x000D_ les soins de santé, les AME et l'eau, l'hygiène et l'assainissement.",Medium,Security Incident,D-28,2024-01-11,Est,Matiakoali,Matiacoali,319,2393,,,,,Incident Data,pdi-gcorr-burkinafaso-may2025.xlsx,pdi,2024
2024-01-10,2024,1,10,I-40,530240110_GOUMAT,Est_Gourma_Matiakoali,Est_Tapoa_Kantchari,"Pour l’instant, ces ménages déplacés n’ont pas reçu d’assistance et leurs besoins immédiats sont les vivres,_x000D_ les soins de santé, les AME et l'eau, l'hygiène et l'assainissement.",Medium,Security Incident,D-29,2024-01-11,Est,Diapaga,Diapaga Centre,36,182,18.0,42.0,,,Incident Data,pdi-gcorr-burkinafaso-may2025.xlsx,pdi,2024
2024-05-26,2024,5,26,I-37,571240526_BALPOU,Boucle du Mouhoun_Balé_Poura,Centre-Ouest_Sanguié_Zawara,"Les premiers besoins identifiés sont principalement constitués de besoins alimentaires, d’abris, d’AME et de protection. Jusqu'à ce jour, ils n'ont reçu aucune prise en charge.",Low,Security Incident,D-27,2024-05-26,Boucle du Mouhoun,Poura,Kankélé,37,228,53.0,17.0,76.0,82.0,Incident Data,pdi-gcorr-burkinafaso-may2025.xlsx,pdi,2024
2024-05-22,2024,5,22,I-35,568240522_GNAPIÉ-3,Est_Gnagna_Piéla,Est_Gnagna_Piéla,"Les besoins primaires identifiés sont essentiellement les vivres, les abris pour certains, les kits AME, les kits_x000D_ d'hygiène, l'appui psychosocial et la santé.",Medium,Security Incident,D-26,2024-05-22,Est,Piéla,Piella,1344,8781,1531.0,2064.0,5186.0,,Incident Data,pdi-gcorr-burkinafaso-may2025.xlsx,pdi,2024
2024-05-20,2024,5,20,I-34,566240520_GOUFAD,Est_Gourma_Fada-Ngourma,Est_Gourma_Fada-Ngourma,"Les besoins primaires identifiés sont essentiellement les vivres, les abris pour certains, les kits AME, les kits_x000D_ d'hygiène, l'appui psychosocial et la santé.",Medium,Security Incident,D-25,2024-05-20,Est,Fada-Ngourma,Fada N’Gourma,135,1287,149.0,287.0,,,Incident Data,pdi-gcorr-burkinafaso-may2025.xlsx,pdi,2024
2024-05-20,2024,5,20,I-33,567240520_GNAMNI 1-2-3,Est_Gnagna_Mani,Est_Gnagna_Mani,"Les besoins primaires identifiés sont essentiellement les vivres, les abris pour certains, les kits AME, les kits_x000D_ d'hygiène, l'appui psychosocial et la santé.",Medium,Security Incident,D-24,2024-06-25,Est,Mani,Mani,1245,13994,3185.0,4032.0,6777.0,,Incident Data,pdi-gcorr-burkinafaso-may2025.xlsx,pdi,2024
2024-05-24,2024,5,24,I-32,570240524_KLGSOU-1,Centre-Est_Koulpélogo_Soudougui,Centre-Est_Koulpélogo_Soudougui,"La prise en charge d’urgence des personnes déplacées y compris les personnes retournées a été recommandée._x000D_ Les besoins identifiés sont: assistance alimentaire, Santé, Wash,NFI/Abris, Protection et appui psychosocial",Medium,Security Incident,D-23,2024-05-24,Centre-Est,Soudougui,Soudougui,1081,8026,2120.0,2270.0,1756.0,1880.0,Incident Data,pdi-gcorr-burkinafaso-may2025.xlsx,pdi,2024
